<?xml version="1.0" encoding="UTF-8"?>
<project-private xmlns="http://www.netbeans.org/ns/project-private/1">
    <editor-bookmarks xmlns="http://www.netbeans.org/ns/editor-bookmarks/2" lastBookmarkId="0"/>
    <open-files xmlns="http://www.netbeans.org/ns/projectui-open-files/2">
        <group>
            <file>file:/C:/Users/27765/Documents/git%20Bash%20app/KKM/Registration&amp;Login/test/registration/login/LoginTest.java</file>
            <file>file:/C:/Users/27765/Documents/git%20Bash%20app/KKM/Registration&amp;Login/src/registration/login/RegistrationLogin.java</file>
            <file>file:/C:/Users/27765/Documents/git%20Bash%20app/KKM/Registration&amp;Login/src/registration/login/Login.java</file>
        </group>
    </open-files>
</project-private>
